tweet_id,created_at,text,author_id
1589042769565138944,2022-11-05 23:51:33+00:00,#Elon I would quit YouTube in a heartbeat when you develop #twtr ability to share long form videos.  Yes please https://t.co/lhhsee1O85,1510965837980737536
1589031470215368704,2022-11-05 23:06:39+00:00,"RT @reciknows: $TWTR $8 Blue Checkmark / new subscription is live üëÄ 

#TWTR $TSLA #TSLA https://t.co/oRyphs0FKb",1273127571585150979
1589016699516637185,2022-11-05 22:07:58+00:00,"RT @reciknows: $TWTR $8 Blue Checkmark / new subscription is live üëÄ 

#TWTR $TSLA #TSLA https://t.co/oRyphs0FKb",916815768267915264
1589012179579473920,2022-11-05 21:50:00+00:00,#TWTR - TWITTER obedecendo as ondas de Elliot ?  - TradingView - https://t.co/obz6EKMbpe,786208675618619392
1589010643331743745,2022-11-05 21:43:54+00:00,#twtr to $8,1344357185334239232
1589009346595524608,2022-11-05 21:38:45+00:00,"$TWTR $8 Blue Checkmark / new subscription is live üëÄ 

#TWTR $TSLA #TSLA https://t.co/oRyphs0FKb",1208467461521043456
1589009098468896768,2022-11-05 21:37:46+00:00,"RT @cusickgallery: Friend, fellow Hawaii resident &amp; fellow Lostie, DDK was able to catch Ian's latest film #danieldaekim #henryiancusick
Th‚Ä¶",362209943
1589008371025580032,2022-11-05 21:34:52+00:00,"RT @cusickgallery: Friend, fellow Hawaii resident &amp; fellow Lostie, DDK was able to catch Ian's latest film #danieldaekim #henryiancusick
Th‚Ä¶",53514918
1589007440510869504,2022-11-05 21:31:10+00:00,"RT @cusickgallery: Friend, fellow Hawaii resident &amp; fellow Lostie, DDK was able to catch Ian's latest film #danieldaekim #henryiancusick
Th‚Ä¶",1385748068579090433
1589005767750799360,2022-11-05 21:24:31+00:00,"RT @GOK_HAN_38: #GLCVY 
#tsla #aapl #nvda #twtr #msft #amzn #amd #googl #fb #wfc #sapg #lini #alvg #baygn #vowg_p #SIEGn #MBGn #DTEGn #BASF‚Ä¶",1457427035790381063
1589004176335728640,2022-11-05 21:18:12+00:00,"As a√ß√µes da rede social do momento Twitter Inc. (TWTR) vem subindo nos √∫ltimos meses quase 70%. E realizando a an√°lise t√©cnica podemos perceber as ondas de Elliot sendo executadas como um livro.
Check out my #TWTR analysis on @TradingView: https://t.co/RfJlBTPtzx",1543649632785399815
1588997961962651648,2022-11-05 20:53:30+00:00,@elonmusk with all the backlash regarding advertising on $TWTR how much to make Twitter completely ad free? #twtr,994386742244392960
1588995167846924288,2022-11-05 20:42:24+00:00,"RT @cusickgallery: Friend, fellow Hawaii resident &amp; fellow Lostie, DDK was able to catch Ian's latest film #danieldaekim #henryiancusick
Th‚Ä¶",1516801600609738759
1588995036750188544,2022-11-05 20:41:53+00:00,"RT @cusickgallery: Friend, fellow Hawaii resident &amp; fellow Lostie, DDK was able to catch Ian's latest film #danieldaekim #henryiancusick
Th‚Ä¶",43603178
1588994452315856898,2022-11-05 20:39:34+00:00,"Friend, fellow Hawaii resident &amp; fellow Lostie, DDK was able to catch Ian's latest film #danieldaekim #henryiancusick
Thank you, Dan! We love seeing you guys together‚ù£Ô∏è #TWTR 
From @danieldaekim IG Story https://t.co/klxngJLUOh",59967702
1588994170529927169,2022-11-05 20:38:26+00:00,let‚Äôs all leave #TWTR!!,49684963
1588992870962405377,2022-11-05 20:33:17+00:00,What's the use case of #dogecoin in #TWTR?elonmusk  ü§îü§®ü§®,1576584852362727429
1588992437221195776,2022-11-05 20:31:33+00:00,"RT @earnwithrk: *MUSK INFORM TO BANKERS HE PLANS TO CLOSE TWITTER DEAL FRIDAY"" üßë‚Äç‚öñÔ∏èüôå

üî• News can boom #doge üöÄüöÄ

WE suggest to Buy $DOGE at.‚Ä¶",1588984439182446592
1588989274997035010,2022-11-05 20:18:59+00:00,"RT @cusickgallery: Snippet of Ian on premiere night, being interviewed by Ben Gutierrez @hawaiinewsnow about filming during the pandemic #T‚Ä¶",43603178
1588979266410405889,2022-11-05 19:39:13+00:00,What's the use case of #dogecoin in #TWTR?elonmusk  ü§îü§®ü§®,1523208081718808576
1588974833786060800,2022-11-05 19:21:36+00:00,"What's the use case of #dogecoin in #TWTR?

@elonmusk  ü§îü§®ü§®",1407295660135616517
1588961558373502976,2022-11-05 18:28:51+00:00,"RT @XPRgod: Through the blockchain of the people 

The one and only @ProtonXPR 

$XPR #TWTR @elonmusk",903809751640817665
1588960884394577920,2022-11-05 18:26:10+00:00,"So Jack Dorsey, is gonna buy #DOGE and #TWTR Twitter stocks ? üöÄ",105890564
1588957017854836736,2022-11-05 18:10:49+00:00,"RT @Ralphtan222: clip.

(Protocol „Å´„Å™„Çå„Å∞„ÄÅ‰Ωø„ÅÜ„ÅÆ„ÅØ‰∫∫„ÄÖ„Åã„ÄÇüòÉ)

via @ITMedia_News
#news #TWTR #jack #web5",1041175359364816896
1588955845059956736,2022-11-05 18:06:09+00:00,"@Carl_C_Icahn meet @elonmusk / 
‚ÄòI don‚Äôt_know_him [but] made $250M/perfect #twtr CEO/if no deal would‚Äôve launched campaign/impt platform for USA‚Äô

Carl @Forbes on #Twitter #inflation @federalreserve 

@JoeSquawk @BeckyQuick @andrewrsorkin get on @CNBC 

https://t.co/ILESreCr35",6631242
1588952805242712064,2022-11-05 17:54:04+00:00,"RT @ValentineHardc1: #Dogecoin #ElonMusk #TWTR #doge #crypto

https://t.co/6XwHLihEFj",755417704979271680
1588950166182440960,2022-11-05 17:43:35+00:00,"When you buy your check mark:
$TSLA
#TWTR https://t.co/tqATmY7Vut",1457096634836336641
1588933249736155136,2022-11-05 16:36:22+00:00,RT @3z2s1l: AMD short sellers abt to hit their SL!!! Short squeeze to 70 coming‚Ä¶$TSLA $FB $AMD $COIN $NFLX $SHOP $AMZN $SQ $DOCU $INTC $TWT‚Ä¶,1487390932391858178
1588930245511778304,2022-11-05 16:24:26+00:00,"@TheCastle1982 @elonmusk @baronfunds Great interview!  I hope they can be done over #twtr video call in the future to protect Elon‚Äôs health.  As investors I think seeing him in person is less important than his ability to stay healthy. Additionally, less flying is better for the environment.",1517921812763451394
1588916329624801281,2022-11-05 15:29:08+00:00,"RT @cusickgallery: Snippet of Ian on premiere night, being interviewed by Ben Gutierrez @hawaiinewsnow about filming during the pandemic #T‚Ä¶",1516801600609738759
1588907199803555843,2022-11-05 14:52:51+00:00,"Snippet of Ian on premiere night, being interviewed by Ben Gutierrez @hawaiinewsnow about filming during the pandemic #TWTR @WindReckoning #henryiancusick @hicusick https://t.co/pDVT02hPK3",59967702
1588902271123095553,2022-11-05 14:33:16+00:00,"Through the blockchain of the people 

The one and only @ProtonXPR 

$XPR #TWTR @elonmusk https://t.co/hui5BDjZyD",1491505059624062985
1588885698467483648,2022-11-05 13:27:25+00:00,"RT @SRAntiFascism: #KochNetwork-Funded #NCLA
Sues to Protect Online
#CovidDisinformation On #Socialmedia
https://t.co/Myurokn8Wg
&amp; #Twtr $T‚Ä¶",110728224
1588885601520349187,2022-11-05 13:27:02+00:00,"RT @SRAntiFascism: #KochNetwork-Funded #NCLA
Sues to Protect Online
#CovidDisinformation On #Socialmedia
https://t.co/Myurokn8Wg
&amp; #Twtr $T‚Ä¶",1499805599827038217
1588884223196553218,2022-11-05 13:21:33+00:00,#twtr employees spend a career building a nest along comes @elonmusk https://t.co/58OuVb8eWJ,1398761165593980938
1588876629908279296,2022-11-05 12:51:23+00:00,"Isn't it funny when you need to explain to babyboomer  that the European news
trying to smear @elonmusk  .

Actually not smearing rather then the selective choice of colours to paint an
abstract picture.

#ChiefTwit &lt;3 for the win.
#dodge $block #twtr  https://t.co/xi6jghJ3wB",1222427258
1588876267398434816,2022-11-05 12:49:56+00:00,"RT @SRAntiFascism: #KochNetwork-Funded #NCLA
Sues to Protect Online
#CovidDisinformation On #Socialmedia
https://t.co/Myurokn8Wg
&amp; #Twtr $T‚Ä¶",1955369634
1588872346907340801,2022-11-05 12:34:21+00:00,"#KochNetwork-Funded #NCLA
Sues to Protect Online
#CovidDisinformation On #Socialmedia
https://t.co/Myurokn8Wg
&amp; #Twtr $Twtr Continues To Propagate
#CovidMisinformation For
#KochCash 4Ex
[#RebelNews #Dem #Biden #Gop
#LPC #Trudeau #CPC #NDP #ABNDP #UCP #Musk
#BarringtonDeclaration] https://t.co/hpBMLvbsKh",110728224
1588871727160901633,2022-11-05 12:31:54+00:00,"for all the noise about their business model, still haven't seen one single thing that would make me want to quit #twtr /cc: @elonmusk",16173334
1588869131079946241,2022-11-05 12:21:35+00:00,"G√ºne≈ü bile par√ßalƒ± tutulurken ben sana nasƒ±l oldu da sana tam tutuldum  

#MertRamazanDemir #FeritKorhan #yalƒ±capkƒ±n #Twitter #twtr",1235677450954293248
1588863105626316800,2022-11-05 11:57:38+00:00,Apparently Joe Biden doesn't like Elon Musk. #TWTR @thehill,1579855770010673152
1588846425890344960,2022-11-05 10:51:21+00:00,"RT @GOK_HAN_38: #GLCVY 
#tsla #aapl #nvda #twtr #msft #amzn #amd #googl #fb #wfc #sapg #lini #alvg #baygn #vowg_p #SIEGn #MBGn #DTEGn #BASF‚Ä¶",1096780117689462785
1588845820727939074,2022-11-05 10:48:57+00:00,"Now #TWTR is in right hands ü•±
@elonmusk",1407295660135616517
1588844952242511872,2022-11-05 10:45:30+00:00,"RT @GOK_HAN_38: #GLCVY 
#tsla #aapl #nvda #twtr #msft #amzn #amd #googl #fb #wfc #sapg #lini #alvg #baygn #vowg_p #SIEGn #MBGn #DTEGn #BASF‚Ä¶",1096780117689462785
1588843294913695744,2022-11-05 10:38:55+00:00,"RT @GOK_HAN_38: #GLCVY 
#tsla #aapl #nvda #twtr #msft #amzn #amd #googl #fb #wfc #sapg #lini #alvg #baygn #vowg_p #SIEGn #MBGn #DTEGn #BASF‚Ä¶",1096780117689462785
1588839066925420544,2022-11-05 10:22:07+00:00,RT @GMBLondonRegion: GMB reminds @elonmusk that @twitteruk workers have the protection of UK redundancy law‚öñÔ∏èand require a period of notice‚Ä¶,744505840581881856
1588830537028075520,2022-11-05 09:48:13+00:00,"RT @FeroxAdvisors: Phenomenal rise by $DOGE, Liberation of #TWTR will strengthen the decentralized revolution.

Next up is smart land owner‚Ä¶",1544876865285914624
1588827857715093504,2022-11-05 09:37:34+00:00,"clip.

via @MainichiJPnews
#news #TWTR #management #MassLayOff #restracturing #Corporate 
#US #biz https://t.co/VLvT80B3Rj",1041175359364816896
1588796178547716096,2022-11-05 07:31:42+00:00,"üí∞üí∞üí∞üí∞üí∞üí∞üí∞üí∞üí∞üí∞üí∞üí∞üí∞üí∞üí∞üí∞üí∞Congrats to all Team members for making huge gains with Trade Ideas $TWTR #TWTR 

https://t.co/VKVOHXLi7J",1540461433187713030
1588796139171901440,2022-11-05 07:31:32+00:00,"@garyblack00 All fanboys wrote the same story.
After Elon bought #twtr everything is fine.

Now we see , it is not.
Ceo of Tesla left the company to start his own media company.

He uses Tesla as a cash cow to take money out of it as often as he can.

333$ end of year - maybe a dream",1506673366593417220
1588782468953681921,2022-11-05 06:37:13+00:00,Power to the players $GME #TWTR https://t.co/TlkkgbwmYT,1583129060598759424
1588778372033056768,2022-11-05 06:20:56+00:00,"@elonmusk are you willing to accept $DOGE as payment?
$8 is bang on 100 $DOGE at present.
#TWTR",1527406164748783617
1588775858483101697,2022-11-05 06:10:57+00:00,@RadarsTrend Who won the Blockbuster lawsuit- Twitter or Elon Musk?  #ElonMusk #TWTR #lawsuit #Twitter   https://t.co/75jvUB4gLA,223653940
1588775464105304064,2022-11-05 06:09:23+00:00,"RT @XPRgod: OR
- buy $8 worth of $XPR
- create a #webauth wallet and get your ID verified on chain
- wait until @elonmusk have his eyes on‚Ä¶",1319387278050009089
1588774125866455041,2022-11-05 06:04:04+00:00,@elonmusk Who will won the Blockbuster lawsuit- Twitter or Elon Musk?  #ElonMusk #TWTR #lawsuit #Twitter   https://t.co/75jvUB4gLA,223653940
1588769760850120706,2022-11-05 05:46:43+00:00,"@SSusteck @Firebirdbass Mein lieber Scholli Sebastian, Du erstaunst mich. Warum? #Lesen ist wie #Schreiben eine aussterbende #Kunst denn heute gilt eher das hier: ""Kein Bild, kein Ton? Ich renn davon"". Niemand liest heute mehr uralte Schinken + #TWTR ist das beste Beispiel f√ºr ""kurz = besser"":-(.

#Jm2C https://t.co/n77wVnfXFd",1140081533879037957
1588766968760659968,2022-11-05 05:35:37+00:00,"Irgendwie hat der gute Stefan Gs√§nger das (""Trigger-"") Gesch√§ftsmodell von #TWTR nicht verstanden. Das ist ein Feature, not a bug. https://t.co/OPZVcr18v9",1140081533879037957
1588766851085271045,2022-11-05 05:35:09+00:00,"RT @BudRante: Hihihihih
Boss @elonmusk says so
Just business #TWTR
Nothing personal 
Oki Doki
‚úÖ
Accept or Decline

Hmmmm
U can  Leave
Go to‚Ä¶",3121654532
1588766792583110658,2022-11-05 05:34:55+00:00,"Hihihihih
Boss @elonmusk says so
Just business #TWTR
Nothing personal 
Oki Doki
‚úÖ
Accept or Decline

Hmmmm
U can  Leave
Go to #SNAP #META https://t.co/zgyuDApmd2",3121654532
1588748028596322304,2022-11-05 04:20:22+00:00,"@wanda_hudson @MonradAnne @elonmusk @AOC Re #Twtr and free speech.. I seriously cannot think of one thing he got right‚Ä¶struggle to name ONE aspect of free speech he saved with $44B.

Politicis even worse‚Ä¶political position unclear except attacks on left‚Ä¶MAGA were never the #tsla or #spaceX base

Concerning",1384401253086765062
1588739212362534918,2022-11-05 03:45:20+00:00,"RT @OgMage78: #TWTR @elonmusk @garyblack00 @WholeMarsBlog 
Someone check my math please.
Twitter has (or had) revenues of about 4.5B per ye‚Ä¶",1225056994198945792
1588736634379698176,2022-11-05 03:35:05+00:00,RT @Haless72877640: @Hannahlover691 #twtr #nsfw #nominors #sellingcontent #onlyfans #cashapp #nsfwtwtr #bbw https://t.co/0BPN85KDvn,1258489309360992257
1588736455568154628,2022-11-05 03:34:22+00:00,"RT @Haless72877640: Good afternoon üíï 
Hope everyone‚Äôs having a great dayü•π
Don‚Äôt forget to tip your fav content creatorüíïü§åüèªü•¥
Here‚Äôs some jigg‚Ä¶",1258489309360992257
1588733895184617474,2022-11-05 03:24:12+00:00,"@rmayemsinger @elonmusk is on a mission. Burn #TWTR to the ground. He set himself a two year deadline to bring it back public.  But we all know him, he over promises and underdelivers.  He must be very well guarded from above .. until he‚Äôs no longer useful.",1894747496
1588730689628667904,2022-11-05 03:11:28+00:00,Top of my watch list! Come on #TWTR please plummet! ‚¨áÔ∏è‚¨áÔ∏è‚¨áÔ∏è‚¨áÔ∏è‚¨áÔ∏è https://t.co/Us1l6FA0ej,1497199249645178880
1588723948509806592,2022-11-05 02:44:41+00:00,"Esto es algo raro, creo.
El d√≠a de hoy llegaba de mis actividades cotidianas, pero al llegar a mi hogar me sent√≠ extra√±a, me sent√≠a perdida. Ni bien entr√©, prend√≠ la laptop para ver una pel√≠cula, quer√≠a disfrutar de mi ""viernes"", pero me equivoqu√©.üëá
#extra√±asensaci√≥n #twtr",1442881294816497673
1588722875753582592,2022-11-05 02:40:25+00:00,"Truly Galaxy Brain logic here &lt;checks notes&gt; going to war by shaming the advertisers who question the brand safety of my platform, thereby confirming all of their fears about the brand safety of my platform.. #twtr https://t.co/nzoyW3X2GN",16577908
1588722014134554624,2022-11-05 02:36:59+00:00,"RT @Ralphtan222: clip.

via @Nikkei
#news #TWTR #LayOff #management #restructuring #JP #US",1443316207109693447
1588721647414292480,2022-11-05 02:35:32+00:00,"clip.

via @Nikkei
#news #TWTR #LayOff #management #restructuring #JP #US https://t.co/3oaWby8TuF",1041175359364816896
1588720475836153858,2022-11-05 02:30:53+00:00,Today I am announcing to my zero followers that if @elonmusk makes anymore moves to turn #twtr into a leaner more profitable and effective company I will leave #Twitter and move to Canada. Don‚Äôt try to stop me. I‚Äôm serious,1105192403651178496
1588718653117468673,2022-11-05 02:23:38+00:00,#VeryWoke #VW #Volkswagen #twtr #elon https://t.co/NgLJie5oGo,768473815
1588711362188177408,2022-11-05 01:54:40+00:00,#TWTR https://t.co/GqIqpVosDy,1521729452941713414
1588701872915107840,2022-11-05 01:16:57+00:00,"RT @Sa69955063Luana: Lembra quando agente erra crian√ßa fingia estar triste ! E hj em dia fingimos est√° feliz!!
#Tempolimit 
#twtr",1587914310474502144
1588699814514290688,2022-11-05 01:08:47+00:00,Just an fyi  what #ERG is about re:  @elonmusk  obvs has a prob with differing opinions - good luck @twitter shareholders! #twtr - kinda weird that ‚ÄúTWTR‚Äù doesn‚Äôt auto fill in @Twitter - good luck ElonüòÇ https://t.co/xrCFR4lypD https://t.co/4CUOSfjexO,155399282
1588696187426992129,2022-11-05 00:54:22+00:00,"Lembra quando agente erra crian√ßa fingia estar triste ! E hj em dia fingimos est√° feliz!!
#Tempolimit 
#twtr",1431374080679235587
1589042769565138944,2022-11-05 23:51:33+00:00,#Elon I would quit YouTube in a heartbeat when you develop #twtr ability to share long form videos.  Yes please https://t.co/lhhsee1O85,1510965837980737536
1589031470215368704,2022-11-05 23:06:39+00:00,"RT @reciknows: $TWTR $8 Blue Checkmark / new subscription is live üëÄ 

#TWTR $TSLA #TSLA https://t.co/oRyphs0FKb",1273127571585150979
1589016699516637185,2022-11-05 22:07:58+00:00,"RT @reciknows: $TWTR $8 Blue Checkmark / new subscription is live üëÄ 

#TWTR $TSLA #TSLA https://t.co/oRyphs0FKb",916815768267915264
1589012179579473920,2022-11-05 21:50:00+00:00,#TWTR - TWITTER obedecendo as ondas de Elliot ?  - TradingView - https://t.co/obz6EKMbpe,786208675618619392
1589010643331743745,2022-11-05 21:43:54+00:00,#twtr to $8,1344357185334239232
1589009346595524608,2022-11-05 21:38:45+00:00,"$TWTR $8 Blue Checkmark / new subscription is live üëÄ 

#TWTR $TSLA #TSLA https://t.co/oRyphs0FKb",1208467461521043456
1589009098468896768,2022-11-05 21:37:46+00:00,"RT @cusickgallery: Friend, fellow Hawaii resident &amp; fellow Lostie, DDK was able to catch Ian's latest film #danieldaekim #henryiancusick
Th‚Ä¶",362209943
1589008371025580032,2022-11-05 21:34:52+00:00,"RT @cusickgallery: Friend, fellow Hawaii resident &amp; fellow Lostie, DDK was able to catch Ian's latest film #danieldaekim #henryiancusick
Th‚Ä¶",53514918
1589007440510869504,2022-11-05 21:31:10+00:00,"RT @cusickgallery: Friend, fellow Hawaii resident &amp; fellow Lostie, DDK was able to catch Ian's latest film #danieldaekim #henryiancusick
Th‚Ä¶",1385748068579090433
1589005767750799360,2022-11-05 21:24:31+00:00,"RT @GOK_HAN_38: #GLCVY 
#tsla #aapl #nvda #twtr #msft #amzn #amd #googl #fb #wfc #sapg #lini #alvg #baygn #vowg_p #SIEGn #MBGn #DTEGn #BASF‚Ä¶",1457427035790381063
1589004176335728640,2022-11-05 21:18:12+00:00,"As a√ß√µes da rede social do momento Twitter Inc. (TWTR) vem subindo nos √∫ltimos meses quase 70%. E realizando a an√°lise t√©cnica podemos perceber as ondas de Elliot sendo executadas como um livro.
Check out my #TWTR analysis on @TradingView: https://t.co/RfJlBTPtzx",1543649632785399815
1588997961962651648,2022-11-05 20:53:30+00:00,@elonmusk with all the backlash regarding advertising on $TWTR how much to make Twitter completely ad free? #twtr,994386742244392960
1588995167846924288,2022-11-05 20:42:24+00:00,"RT @cusickgallery: Friend, fellow Hawaii resident &amp; fellow Lostie, DDK was able to catch Ian's latest film #danieldaekim #henryiancusick
Th‚Ä¶",1516801600609738759
1588995036750188544,2022-11-05 20:41:53+00:00,"RT @cusickgallery: Friend, fellow Hawaii resident &amp; fellow Lostie, DDK was able to catch Ian's latest film #danieldaekim #henryiancusick
Th‚Ä¶",43603178
1588994452315856898,2022-11-05 20:39:34+00:00,"Friend, fellow Hawaii resident &amp; fellow Lostie, DDK was able to catch Ian's latest film #danieldaekim #henryiancusick
Thank you, Dan! We love seeing you guys together‚ù£Ô∏è #TWTR 
From @danieldaekim IG Story https://t.co/klxngJLUOh",59967702
1588994170529927169,2022-11-05 20:38:26+00:00,let‚Äôs all leave #TWTR!!,49684963
1588992870962405377,2022-11-05 20:33:17+00:00,What's the use case of #dogecoin in #TWTR?elonmusk  ü§îü§®ü§®,1576584852362727429
1588992437221195776,2022-11-05 20:31:33+00:00,"RT @earnwithrk: *MUSK INFORM TO BANKERS HE PLANS TO CLOSE TWITTER DEAL FRIDAY"" üßë‚Äç‚öñÔ∏èüôå

üî• News can boom #doge üöÄüöÄ

WE suggest to Buy $DOGE at.‚Ä¶",1588984439182446592
1588989274997035010,2022-11-05 20:18:59+00:00,"RT @cusickgallery: Snippet of Ian on premiere night, being interviewed by Ben Gutierrez @hawaiinewsnow about filming during the pandemic #T‚Ä¶",43603178
1588979266410405889,2022-11-05 19:39:13+00:00,What's the use case of #dogecoin in #TWTR?elonmusk  ü§îü§®ü§®,1523208081718808576
1588974833786060800,2022-11-05 19:21:36+00:00,"What's the use case of #dogecoin in #TWTR?

@elonmusk  ü§îü§®ü§®",1407295660135616517
1588961558373502976,2022-11-05 18:28:51+00:00,"RT @XPRgod: Through the blockchain of the people 

The one and only @ProtonXPR 

$XPR #TWTR @elonmusk",903809751640817665
1588960884394577920,2022-11-05 18:26:10+00:00,"So Jack Dorsey, is gonna buy #DOGE and #TWTR Twitter stocks ? üöÄ",105890564
1588957017854836736,2022-11-05 18:10:49+00:00,"RT @Ralphtan222: clip.

(Protocol „Å´„Å™„Çå„Å∞„ÄÅ‰Ωø„ÅÜ„ÅÆ„ÅØ‰∫∫„ÄÖ„Åã„ÄÇüòÉ)

via @ITMedia_News
#news #TWTR #jack #web5",1041175359364816896
1588955845059956736,2022-11-05 18:06:09+00:00,"@Carl_C_Icahn meet @elonmusk / 
‚ÄòI don‚Äôt_know_him [but] made $250M/perfect #twtr CEO/if no deal would‚Äôve launched campaign/impt platform for USA‚Äô

Carl @Forbes on #Twitter #inflation @federalreserve 

@JoeSquawk @BeckyQuick @andrewrsorkin get on @CNBC 

https://t.co/ILESreCr35",6631242
1588952805242712064,2022-11-05 17:54:04+00:00,"RT @ValentineHardc1: #Dogecoin #ElonMusk #TWTR #doge #crypto

https://t.co/6XwHLihEFj",755417704979271680
1588950166182440960,2022-11-05 17:43:35+00:00,"When you buy your check mark:
$TSLA
#TWTR https://t.co/tqATmY7Vut",1457096634836336641
1588933249736155136,2022-11-05 16:36:22+00:00,RT @3z2s1l: AMD short sellers abt to hit their SL!!! Short squeeze to 70 coming‚Ä¶$TSLA $FB $AMD $COIN $NFLX $SHOP $AMZN $SQ $DOCU $INTC $TWT‚Ä¶,1487390932391858178
1588930245511778304,2022-11-05 16:24:26+00:00,"@TheCastle1982 @elonmusk @baronfunds Great interview!  I hope they can be done over #twtr video call in the future to protect Elon‚Äôs health.  As investors I think seeing him in person is less important than his ability to stay healthy. Additionally, less flying is better for the environment.",1517921812763451394
1588916329624801281,2022-11-05 15:29:08+00:00,"RT @cusickgallery: Snippet of Ian on premiere night, being interviewed by Ben Gutierrez @hawaiinewsnow about filming during the pandemic #T‚Ä¶",1516801600609738759
1588907199803555843,2022-11-05 14:52:51+00:00,"Snippet of Ian on premiere night, being interviewed by Ben Gutierrez @hawaiinewsnow about filming during the pandemic #TWTR @WindReckoning #henryiancusick @hicusick https://t.co/pDVT02hPK3",59967702
1588902271123095553,2022-11-05 14:33:16+00:00,"Through the blockchain of the people 

The one and only @ProtonXPR 

$XPR #TWTR @elonmusk https://t.co/hui5BDjZyD",1491505059624062985
1588885698467483648,2022-11-05 13:27:25+00:00,"RT @SRAntiFascism: #KochNetwork-Funded #NCLA
Sues to Protect Online
#CovidDisinformation On #Socialmedia
https://t.co/Myurokn8Wg
&amp; #Twtr $T‚Ä¶",110728224
1588885601520349187,2022-11-05 13:27:02+00:00,"RT @SRAntiFascism: #KochNetwork-Funded #NCLA
Sues to Protect Online
#CovidDisinformation On #Socialmedia
https://t.co/Myurokn8Wg
&amp; #Twtr $T‚Ä¶",1499805599827038217
1588884223196553218,2022-11-05 13:21:33+00:00,#twtr employees spend a career building a nest along comes @elonmusk https://t.co/58OuVb8eWJ,1398761165593980938
1588876629908279296,2022-11-05 12:51:23+00:00,"Isn't it funny when you need to explain to babyboomer  that the European news
trying to smear @elonmusk  .

Actually not smearing rather then the selective choice of colours to paint an
abstract picture.

#ChiefTwit &lt;3 for the win.
#dodge $block #twtr  https://t.co/xi6jghJ3wB",1222427258
1588876267398434816,2022-11-05 12:49:56+00:00,"RT @SRAntiFascism: #KochNetwork-Funded #NCLA
Sues to Protect Online
#CovidDisinformation On #Socialmedia
https://t.co/Myurokn8Wg
&amp; #Twtr $T‚Ä¶",1955369634
1588872346907340801,2022-11-05 12:34:21+00:00,"#KochNetwork-Funded #NCLA
Sues to Protect Online
#CovidDisinformation On #Socialmedia
https://t.co/Myurokn8Wg
&amp; #Twtr $Twtr Continues To Propagate
#CovidMisinformation For
#KochCash 4Ex
[#RebelNews #Dem #Biden #Gop
#LPC #Trudeau #CPC #NDP #ABNDP #UCP #Musk
#BarringtonDeclaration] https://t.co/hpBMLvbsKh",110728224
1588871727160901633,2022-11-05 12:31:54+00:00,"for all the noise about their business model, still haven't seen one single thing that would make me want to quit #twtr /cc: @elonmusk",16173334
1588869131079946241,2022-11-05 12:21:35+00:00,"G√ºne≈ü bile par√ßalƒ± tutulurken ben sana nasƒ±l oldu da sana tam tutuldum  

#MertRamazanDemir #FeritKorhan #yalƒ±capkƒ±n #Twitter #twtr",1235677450954293248
1588863105626316800,2022-11-05 11:57:38+00:00,Apparently Joe Biden doesn't like Elon Musk. #TWTR @thehill,1579855770010673152
1588846425890344960,2022-11-05 10:51:21+00:00,"RT @GOK_HAN_38: #GLCVY 
#tsla #aapl #nvda #twtr #msft #amzn #amd #googl #fb #wfc #sapg #lini #alvg #baygn #vowg_p #SIEGn #MBGn #DTEGn #BASF‚Ä¶",1096780117689462785
1588845820727939074,2022-11-05 10:48:57+00:00,"Now #TWTR is in right hands ü•±
@elonmusk",1407295660135616517
1588844952242511872,2022-11-05 10:45:30+00:00,"RT @GOK_HAN_38: #GLCVY 
#tsla #aapl #nvda #twtr #msft #amzn #amd #googl #fb #wfc #sapg #lini #alvg #baygn #vowg_p #SIEGn #MBGn #DTEGn #BASF‚Ä¶",1096780117689462785
1588843294913695744,2022-11-05 10:38:55+00:00,"RT @GOK_HAN_38: #GLCVY 
#tsla #aapl #nvda #twtr #msft #amzn #amd #googl #fb #wfc #sapg #lini #alvg #baygn #vowg_p #SIEGn #MBGn #DTEGn #BASF‚Ä¶",1096780117689462785
1588839066925420544,2022-11-05 10:22:07+00:00,RT @GMBLondonRegion: GMB reminds @elonmusk that @twitteruk workers have the protection of UK redundancy law‚öñÔ∏èand require a period of notice‚Ä¶,744505840581881856
1588830537028075520,2022-11-05 09:48:13+00:00,"RT @FeroxAdvisors: Phenomenal rise by $DOGE, Liberation of #TWTR will strengthen the decentralized revolution.

Next up is smart land owner‚Ä¶",1544876865285914624
1588827857715093504,2022-11-05 09:37:34+00:00,"clip.

via @MainichiJPnews
#news #TWTR #management #MassLayOff #restracturing #Corporate 
#US #biz https://t.co/VLvT80B3Rj",1041175359364816896
1588796178547716096,2022-11-05 07:31:42+00:00,"üí∞üí∞üí∞üí∞üí∞üí∞üí∞üí∞üí∞üí∞üí∞üí∞üí∞üí∞üí∞üí∞üí∞Congrats to all Team members for making huge gains with Trade Ideas $TWTR #TWTR 

https://t.co/VKVOHXLi7J",1540461433187713030
1588796139171901440,2022-11-05 07:31:32+00:00,"@garyblack00 All fanboys wrote the same story.
After Elon bought #twtr everything is fine.

Now we see , it is not.
Ceo of Tesla left the company to start his own media company.

He uses Tesla as a cash cow to take money out of it as often as he can.

333$ end of year - maybe a dream",1506673366593417220
1588782468953681921,2022-11-05 06:37:13+00:00,Power to the players $GME #TWTR https://t.co/TlkkgbwmYT,1583129060598759424
1588778372033056768,2022-11-05 06:20:56+00:00,"@elonmusk are you willing to accept $DOGE as payment?
$8 is bang on 100 $DOGE at present.
#TWTR",1527406164748783617
1588775858483101697,2022-11-05 06:10:57+00:00,@RadarsTrend Who won the Blockbuster lawsuit- Twitter or Elon Musk?  #ElonMusk #TWTR #lawsuit #Twitter   https://t.co/75jvUB4gLA,223653940
1588775464105304064,2022-11-05 06:09:23+00:00,"RT @XPRgod: OR
- buy $8 worth of $XPR
- create a #webauth wallet and get your ID verified on chain
- wait until @elonmusk have his eyes on‚Ä¶",1319387278050009089
1588774125866455041,2022-11-05 06:04:04+00:00,@elonmusk Who will won the Blockbuster lawsuit- Twitter or Elon Musk?  #ElonMusk #TWTR #lawsuit #Twitter   https://t.co/75jvUB4gLA,223653940
1588769760850120706,2022-11-05 05:46:43+00:00,"@SSusteck @Firebirdbass Mein lieber Scholli Sebastian, Du erstaunst mich. Warum? #Lesen ist wie #Schreiben eine aussterbende #Kunst denn heute gilt eher das hier: ""Kein Bild, kein Ton? Ich renn davon"". Niemand liest heute mehr uralte Schinken + #TWTR ist das beste Beispiel f√ºr ""kurz = besser"":-(.

#Jm2C https://t.co/n77wVnfXFd",1140081533879037957
1588766968760659968,2022-11-05 05:35:37+00:00,"Irgendwie hat der gute Stefan Gs√§nger das (""Trigger-"") Gesch√§ftsmodell von #TWTR nicht verstanden. Das ist ein Feature, not a bug. https://t.co/OPZVcr18v9",1140081533879037957
1588766851085271045,2022-11-05 05:35:09+00:00,"RT @BudRante: Hihihihih
Boss @elonmusk says so
Just business #TWTR
Nothing personal 
Oki Doki
‚úÖ
Accept or Decline

Hmmmm
U can  Leave
Go to‚Ä¶",3121654532
1588766792583110658,2022-11-05 05:34:55+00:00,"Hihihihih
Boss @elonmusk says so
Just business #TWTR
Nothing personal 
Oki Doki
‚úÖ
Accept or Decline

Hmmmm
U can  Leave
Go to #SNAP #META https://t.co/zgyuDApmd2",3121654532
1588748028596322304,2022-11-05 04:20:22+00:00,"@wanda_hudson @MonradAnne @elonmusk @AOC Re #Twtr and free speech.. I seriously cannot think of one thing he got right‚Ä¶struggle to name ONE aspect of free speech he saved with $44B.

Politicis even worse‚Ä¶political position unclear except attacks on left‚Ä¶MAGA were never the #tsla or #spaceX base

Concerning",1384401253086765062
1588739212362534918,2022-11-05 03:45:20+00:00,"RT @OgMage78: #TWTR @elonmusk @garyblack00 @WholeMarsBlog 
Someone check my math please.
Twitter has (or had) revenues of about 4.5B per ye‚Ä¶",1225056994198945792
1588736634379698176,2022-11-05 03:35:05+00:00,RT @Haless72877640: @Hannahlover691 #twtr #nsfw #nominors #sellingcontent #onlyfans #cashapp #nsfwtwtr #bbw https://t.co/0BPN85KDvn,1258489309360992257
1588736455568154628,2022-11-05 03:34:22+00:00,"RT @Haless72877640: Good afternoon üíï 
Hope everyone‚Äôs having a great dayü•π
Don‚Äôt forget to tip your fav content creatorüíïü§åüèªü•¥
Here‚Äôs some jigg‚Ä¶",1258489309360992257
1588733895184617474,2022-11-05 03:24:12+00:00,"@rmayemsinger @elonmusk is on a mission. Burn #TWTR to the ground. He set himself a two year deadline to bring it back public.  But we all know him, he over promises and underdelivers.  He must be very well guarded from above .. until he‚Äôs no longer useful.",1894747496
1588730689628667904,2022-11-05 03:11:28+00:00,Top of my watch list! Come on #TWTR please plummet! ‚¨áÔ∏è‚¨áÔ∏è‚¨áÔ∏è‚¨áÔ∏è‚¨áÔ∏è https://t.co/Us1l6FA0ej,1497199249645178880
1588723948509806592,2022-11-05 02:44:41+00:00,"Esto es algo raro, creo.
El d√≠a de hoy llegaba de mis actividades cotidianas, pero al llegar a mi hogar me sent√≠ extra√±a, me sent√≠a perdida. Ni bien entr√©, prend√≠ la laptop para ver una pel√≠cula, quer√≠a disfrutar de mi ""viernes"", pero me equivoqu√©.üëá
#extra√±asensaci√≥n #twtr",1442881294816497673
1588722875753582592,2022-11-05 02:40:25+00:00,"Truly Galaxy Brain logic here &lt;checks notes&gt; going to war by shaming the advertisers who question the brand safety of my platform, thereby confirming all of their fears about the brand safety of my platform.. #twtr https://t.co/nzoyW3X2GN",16577908
1588722014134554624,2022-11-05 02:36:59+00:00,"RT @Ralphtan222: clip.

via @Nikkei
#news #TWTR #LayOff #management #restructuring #JP #US",1443316207109693447
1588721647414292480,2022-11-05 02:35:32+00:00,"clip.

via @Nikkei
#news #TWTR #LayOff #management #restructuring #JP #US https://t.co/3oaWby8TuF",1041175359364816896
1588720475836153858,2022-11-05 02:30:53+00:00,Today I am announcing to my zero followers that if @elonmusk makes anymore moves to turn #twtr into a leaner more profitable and effective company I will leave #Twitter and move to Canada. Don‚Äôt try to stop me. I‚Äôm serious,1105192403651178496
1588718653117468673,2022-11-05 02:23:38+00:00,#VeryWoke #VW #Volkswagen #twtr #elon https://t.co/NgLJie5oGo,768473815
1588711362188177408,2022-11-05 01:54:40+00:00,#TWTR https://t.co/GqIqpVosDy,1521729452941713414
1588701872915107840,2022-11-05 01:16:57+00:00,"RT @Sa69955063Luana: Lembra quando agente erra crian√ßa fingia estar triste ! E hj em dia fingimos est√° feliz!!
#Tempolimit 
#twtr",1587914310474502144
1588699814514290688,2022-11-05 01:08:47+00:00,Just an fyi  what #ERG is about re:  @elonmusk  obvs has a prob with differing opinions - good luck @twitter shareholders! #twtr - kinda weird that ‚ÄúTWTR‚Äù doesn‚Äôt auto fill in @Twitter - good luck ElonüòÇ https://t.co/xrCFR4lypD https://t.co/4CUOSfjexO,155399282
1588696187426992129,2022-11-05 00:54:22+00:00,"Lembra quando agente erra crian√ßa fingia estar triste ! E hj em dia fingimos est√° feliz!!
#Tempolimit 
#twtr",1431374080679235587
